[{"label":"public","value":"Do you see any Teletubbies in here? Do you see a slender plastic tag\nclipped to my shirt with my name printed on it? Do you see a little\nAsian child with a blank expression on his face sitting outside on a\nmechanical helicopter that shakes when you put quarters in it? No?\nWell, that's what you see at a toy store. And you must think you're in\na toy store, because you're here shopping for an infant named Jeb.","from_file":true,"report_version":"20180405-034929-814d3347"},{"label":"public","value":"You think water moves fast? You should see ice. It moves like it has\na mind. Like it knows it killed the world once and got a taste for\nmurder. After the avalanche, it took us a week to climb out. Now, I\ndon't know exactly when we turned on each other, but I know that\nseven of us survived the slide... and only five made it out. Now we\ntook an oath, that I'm breaking now. We said we'd say it was the\nsnow that killed the other two, but it wasn't. Nature is lethal but\nit doesn't hold a candle to man.","from_file":true,"report_version":"20180405-034929-814d3347"},{"label":"internal","value":"Well, the way they make shows is, they make one show. That show's\ncalled a pilot. Then they show that show to the people who make shows,\nand on the strength of that one show they decide if they're going to\nmake more shows. Some pilots get picked and become television\nprograms. Some don't, become nothing. She starred in one of the ones\nthat became nothing.","from_file":true,"report_version":"20180319-084456-156de320"},{"label":"public","value":"Now that we know who you are, I know who I am. I'm not a mistake! It\nall makes sense! In a comic, you know how you can tell who the\narch-villain's going to be? He's the exact opposite of the hero. And\nmost times they're friends, like you and me! I should've known way\nback when... You know why, David? Because of the kids. They called me\nMr Glass.","from_file":true,"report_version":"20180319-084456-156de320"}]
