[{"label":"internal","value":"Well, the way they make shows is, they make one show. That show's\ncalled a pilot. Then they show that show to the people who make shows,\nand on the strength of that one show they decide if they're going to\nmake more shows. Some pilots get picked and become television\nprograms. Some don't, become nothing. She starred in one of the ones\nthat became nothing.","from_file":true,"report_version":"20180518-122632-20fdcc46"},{"label":"public","value":"Now that we know who you are, I know who I am. I'm not a mistake! It\nall makes sense! In a comic, you know how you can tell who the\narch-villain's going to be? He's the exact opposite of the hero. And\nmost times they're friends, like you and me! I should've known way\nback when... You know why, David? Because of the kids. They called me\nMr Glass.","from_file":true,"report_version":"20180518-122632-20fdcc46"}]
